日期,步數,靜息心率,最低心率,最高心率,睡眠分數,平均壓力,最高壓力,Body Battery最高,Body Battery最低,HRV,卡路里
2026-07-08,11169,46,43,150,79,23,99,89,14,,1709
2026-07-07,8143,43,41,142,91,23,99,99,18,,1602
2026-07-06,7803,46,43,135,69,23,88,74,18,,1499
2026-07-05,9711,49,44,135,66,31,99,67,5,,1796
2026-07-04,12411,48,32,162,86,26,84,79,14,,1742
2026-07-03,11487,42,41,178,89,19,87,100,17,,1748
2026-07-02,8770,43,40,152,81,20,98,83,16,,1624
2026-07-01,19564,44,43,168,91,22,93,92,12,,2100
2026-06-30,8104,45,43,122,77,22,82,74,12,,1565
2026-06-29,8801,46,44,162,83,27,95,72,8,,1575
2026-06-28,15241,45,43,159,74,28,96,72,7,,1838
2026-06-27,22445,47,40,149,59,28,97,81,12,,1991
2026-06-26,6485,45,42,171,59,25,97,75,15,,1557
2026-06-25,12373,47,44,156,85,30,96,72,12,,1807
2026-06-24,9799,44,41,177,89,23,93,94,12,,1702
2026-06-23,11498,45,43,152,79,18,99,86,13,,1825
2026-06-22,12058,42,40,153,94,17,90,96,18,,1725
2026-06-21,10552,45,36,133,86,22,99,88,14,,1646
2026-06-20,22893,48,43,145,80,29,99,66,5,,1940
2026-06-19,14441,44,43,132,73,36,99,63,5,,1736
2026-06-18,9612,47,46,149,72,25,90,58,9,,1637
2026-06-17,32262,41,38,165,91,27,99,97,5,,2595
2026-06-16,12369,44,42,148,93,18,93,95,22,,1674
2026-06-15,7889,43,41,108,89,18,94,100,21,,1529
2026-06-14,13804,43,41,141,91,17,94,99,20,,1705
2026-06-13,10268,44,43,148,76,20,96,88,14,,1613
2026-06-12,12409,46,44,151,84,22,90,73,13,,1744
2026-06-11,15561,46,44,149,77,24,86,63,8,,1781
2026-06-10,13894,41,41,154,66,31,84,78,7,,1753
2026-06-09,11049,40,39,159,96,11,83,99,24,,1747
2026-06-08,7844,43,41,143,67,14,80,90,17,,1627
2026-06-07,14371,44,43,156,68,22,90,59,5,,1821
2026-06-06,20544,49,45,144,62,33,99,52,5,,2001
2026-06-05,8957,46,41,125,69,24,91,76,7,,1624
2026-06-04,11668,47,43,159,90,19,99,96,21,,1788
2026-06-03,10548,45,43,152,79,21,93,68,15,,1727
2026-06-02,9900,47,45,142,66,29,95,68,6,,1696
2026-06-01,21807,46,41,184,93,19,93,100,11,,2146
2026-05-31,18183,43,42,138,87,20,99,100,23,,1873
2026-05-30,19612,45,42,144,84,26,95,81,11,,1973
2026-05-29,10835,45,43,135,80,35,92,78,6,,1702
2026-05-28,13441,46,43,160,88,25,96,88,15,,1771
2026-05-27,12424,46,43,154,87,18,85,87,18,,1760
2026-05-26,14273,45,43,162,83,21,99,84,13,,1864
2026-05-25,12343,46,43,177,74,19,96,77,17,,1663
2026-05-24,11863,44,42,156,83,25,93,93,17,,1678
2026-05-23,13773,45,42,156,85,20,89,83,13,,1756
2026-05-22,10785,45,43,135,80,23,97,77,16,,1672
2026-05-21,11297,45,43,139,87,19,94,91,16,,1675
2026-05-20,21185,44,42,179,90,23,99,85,15,,2160
2026-05-19,12507,47,45,150,75,28,94,77,13,,1730
2026-05-18,9289,45,44,161,90,22,93,84,22,,1574
2026-05-17,15613,44,43,164,86,21,95,82,14,,1829
2026-05-16,12505,45,43,144,67,22,93,70,6,,1713
2026-05-15,11095,45,43,156,92,22,88,91,15,,1668
2026-05-14,9066,43,42,161,65,25,92,79,8,,1681
2026-05-13,10954,44,42,141,,33,92,72,13,,1749
2026-05-12,9137,48,45,136,72,25,95,61,10,,1723
2026-05-11,12887,49,47,127,52,31,95,49,5,,1716
2026-05-10,11745,52,48,142,79,27,92,45,13,,1763
2026-05-09,15230,51,50,127,49,39,96,31,5,,1794
2026-05-08,11331,48,47,124,81,41,92,63,8,,1682
2026-05-07,10806,46,43,146,82,26,99,82,18,,1665
2026-05-06,11188,46,44,134,74,24,89,80,12,,1691
2026-05-05,9588,46,44,123,90,21,91,81,16,,1640
2026-05-04,307,48,46,87,40,22,89,39,10,,1369
2026-05-03,19983,50,42,150,82,29,97,85,12,,1922
2026-05-02,29105,45,40,148,87,24,99,91,18,,2073
2026-05-01,31920,47,44,158,87,30,96,79,10,,2234
2026-04-30,23012,46,42,150,84,26,99,76,18,,1862
2026-04-29,30649,45,37,138,87,30,99,89,15,,2174
2026-04-28,14075,45,43,158,82,25,93,82,26,,1626
2026-04-27,9142,48,46,121,79,23,85,68,15,,1580
2026-04-26,12268,43,42,149,85,22,96,90,19,,1762
2026-04-25,21974,47,43,157,81,30,96,79,7,,1991
2026-04-24,14147,47,45,134,83,26,96,66,11,,1691
2026-04-23,13112,43,41,131,86,24,90,93,13,,1701
2026-04-22,10987,44,41,129,76,21,90,92,18,,1610
2026-04-21,11607,43,41,138,82,21,88,91,19,,1755
2026-04-20,9730,43,41,159,80,23,91,78,13,,1635
2026-04-19,14223,46,43,138,87,22,95,77,13,,1700
2026-04-18,20907,45,44,161,70,30,93,68,5,,2100
2026-04-17,8332,43,42,137,89,20,91,94,16,,1700
2026-04-16,15145,42,40,159,72,16,99,96,15,,1929
2026-04-15,13472,45,43,150,42,33,96,37,5,,1751
2026-04-14,9626,43,41,144,87,30,98,96,12,,1685
2026-04-13,8991,44,42,140,78,20,90,83,18,,1635
2026-04-12,17091,42,40,129,86,26,93,93,13,,1811
2026-04-11,14439,43,41,161,86,21,94,92,14,,1798
2026-04-10,13258,44,42,146,92,24,96,93,14,,1808
2026-04-09,10221,44,43,148,77,16,90,80,12,,1700
2026-04-08,11510,45,43,139,94,24,91,100,22,,1678
2026-04-07,8265,44,43,102,88,16,87,95,25,,1467
2026-04-06,15230,43,42,127,79,23,93,97,15,,1749
2026-04-05,17074,46,45,131,66,21,99,81,15,,1724
2026-04-04,20907,48,45,140,77,27,99,61,9,,1939
2026-04-03,16502,47,45,142,67,29,99,76,9,,1793
2026-04-02,9585,46,40,129,88,17,90,96,15,,1649
2026-04-01,16537,44,41,162,91,18,99,100,18,,2001
2026-03-31,10877,41,40,165,96,19,87,100,24,,1653
2026-03-30,11856,44,39,126,83,15,93,93,19,,1696
2026-03-29,13572,44,43,145,81,20,99,94,16,,1847
2026-03-28,15053,45,44,149,86,20,95,75,12,,1812
2026-03-27,12115,47,45,138,82,26,99,71,10,,1791
2026-03-26,9920,45,43,150,87,19,95,89,17,,1655
2026-03-25,13691,42,41,162,82,21,87,88,15,,1815
2026-03-24,10886,49,44,128,79,22,94,87,17,,1614
2026-03-23,8271,45,43,118,86,19,93,94,26,,1617
2026-03-22,16855,44,42,137,88,19,84,98,28,,1707
2026-03-21,10662,45,44,137,76,20,95,78,15,,1691
2026-03-20,16185,43,41,171,86,19,96,95,12,,1954
2026-03-19,11835,46,34,152,88,25,99,82,15,,1821
2026-03-18,14547,46,45,165,78,24,94,75,13,,1763
2026-03-17,13385,48,44,152,75,21,96,100,21,,1753
2026-03-16,12509,49,48,139,63,23,81,54,18,,1730
2026-03-15,16110,49,47,136,86,29,93,75,13,,1806
2026-03-14,16734,51,48,165,78,25,87,54,13,,1970
2026-03-13,13621,48,42,140,70,36,100,71,8,,1822
2026-03-12,13758,50,44,148,73,23,86,80,19,,1742
2026-03-11,15221,46,45,163,85,21,96,90,19,,1854
2026-03-10,15102,45,44,152,87,22,91,95,22,,1894
2026-03-09,12791,45,42,145,91,19,96,96,27,,1737
2026-03-08,15259,46,45,144,94,20,96,86,18,,1753
2026-03-07,21823,49,33,176,85,20,93,87,21,,2060
2026-03-06,13522,49,45,143,75,25,96,69,14,,1807
2026-03-05,8895,48,45,142,82,25,94,87,15,,1628
2026-03-04,14258,43,32,151,90,23,99,100,18,,1900
2026-03-03,13737,37,33,138,90,17,90,91,29,,1697
2026-03-02,4895,46,40,115,84,19,97,86,12,,1495
2026-03-01,14770,49,47,154,83,22,86,69,12,,1833
2026-02-28,17842,47,47,132,80,33,98,50,5,,1876
2026-02-27,26190,48,45,164,86,27,98,88,11,,2433
2026-02-26,11109,45,44,182,79,22,90,90,22,,1782
2026-02-25,12716,48,47,115,,31,97,68,21,,1610
2026-02-24,7769,49,44,141,85,21,99,91,18,,1601
2026-02-23,7565,48,44,143,86,18,88,92,23,,1577
2026-02-22,14025,47,45,158,81,17,99,96,26,,1795
2026-02-21,17763,49,46,171,87,21,99,93,22,,1873
2026-02-20,13771,46,44,133,50,28,99,34,5,,1815
2026-02-19,12026,49,47,170,68,32,93,51,5,,1733
2026-02-18,12191,45,43,146,79,26,96,84,9,,1719
2026-02-17,25053,45,43,153,87,27,96,90,12,,2026
2026-02-16,15205,50,45,151,82,21,95,81,14,,1822
2026-02-15,15115,51,47,150,65,27,88,57,7,,1805
2026-02-14,15351,49,47,164,62,33,93,62,5,,2027
2026-02-13,15494,50,44,152,77,23,97,79,11,,1856
2026-02-12,12086,47,38,154,73,26,95,70,18,,1718
2026-02-11,11916,49,46,139,52,26,97,66,9,,1703
2026-02-10,14930,47,37,178,80,27,96,75,17,,1769
2026-02-09,8870,50,46,100,82,28,95,71,23,,1507
2026-02-08,15204,46,44,146,84,20,85,87,17,,1785
2026-02-07,17683,47,45,158,77,22,81,73,14,,1921
2026-02-06,12651,50,48,152,,31,98,78,15,,1748
2026-02-05,11259,49,47,126,67,23,99,71,16,,1686
2026-02-04,14286,50,42,146,66,30,98,73,9,,1848
2026-02-03,11312,45,41,170,81,24,99,81,22,,1677
2026-02-02,6498,48,45,124,89,22,94,93,20,,1588
2026-02-01,20987,44,43,180,69,26,99,57,8,,2246
2026-01-31,19446,49,47,141,78,31,91,74,8,,1860
2026-01-30,12078,49,47,148,80,25,96,53,12,,1641
2026-01-29,16410,45,41,138,59,42,97,56,5,,1940
2026-01-28,13407,47,42,148,77,21,86,81,20,,1735
2026-01-27,10889,46,45,130,79,19,93,78,21,,1681
2026-01-26,7302,47,44,125,84,20,92,88,15,,1579
2026-01-25,14969,49,47,142,76,24,95,51,6,,1834
2026-01-24,22410,49,43,151,88,28,98,94,7,,2188
2026-01-23,11401,47,46,143,83,21,87,68,16,,1690
2026-01-22,14626,52,45,178,67,21,66,61,10,,1923
2026-01-21,18385,51,39,151,,40,94,84,19,,1915
2026-01-20,12937,48,47,142,82,29,94,72,17,,1679
2026-01-19,10805,49,46,124,85,26,99,68,17,,1627
2026-01-18,10566,49,47,131,60,28,92,59,8,,1732
2026-01-17,17189,50,47,136,65,35,99,43,5,,1913
2026-01-16,9810,50,44,162,74,29,91,73,10,,1699
2026-01-15,10457,47,46,137,86,24,91,74,17,,1659
2026-01-14,14949,47,45,141,74,26,99,68,12,,1852
2026-01-13,14901,46,43,171,80,25,99,85,16,,1833
2026-01-12,13261,45,43,158,57,22,97,82,16,,1761
2026-01-11,13370,46,44,144,75,26,96,72,11,,1749
2026-01-10,15232,42,39,152,69,18,88,83,12,,1795
2026-01-09,18051,46,44,148,58,25,97,78,8,,1869
2026-01-08,17126,48,46,152,88,23,99,87,19,,1917
2026-01-07,17996,44,42,161,79,20,94,86,18,,1930
2026-01-06,9101,46,45,135,82,21,88,59,18,,1646
2026-01-05,7734,50,46,134,48,34,99,51,6,,1615
2026-01-04,16461,50,44,158,79,25,96,78,11,,1892
2026-01-03,11878,46,44,156,88,23,93,89,13,,1861
2026-01-02,10076,44,42,182,88,20,81,87,18,,1738
2026-01-01,16999,44,44,161,,23,94,55,13,,1947
2025-12-05,13499,46,45,155,78,25,98,81,12,,1753
2025-12-04,12927,49,43,148,84,20,96,88,18,,1821
2025-12-03,13447,48,33,161,95,18,90,100,16,,1832
2025-12-02,13065,47,46,138,78,21,88,76,20,,1736
2025-12-01,12966,48,44,140,84,23,94,86,19,,1746
2025-11-30,6909,47,45,142,86,19,96,85,18,,1703
2025-11-29,12580,47,45,146,36,31,96,42,5,,1723
2025-11-28,15084,46,45,162,79,30,99,83,12,,1863
2025-11-27,12974,49,44,145,68,25,90,80,15,,1805
2025-11-26,14383,48,44,167,90,23,91,87,17,,1783
2025-11-25,13268,48,46,170,81,23,90,80,15,,1759
2025-11-24,16748,46,43,196,80,21,99,84,18,,1893
2025-11-23,16513,45,44,180,86,18,98,89,13,,1979
2025-11-22,15360,46,37,137,47,31,90,56,7,,1848
2025-11-21,12466,47,44,150,82,23,95,93,13,,1774
2025-11-20,13268,46,44,152,84,21,98,75,16,,1758
2025-11-19,15840,47,41,154,66,27,95,91,10,,1861
2025-11-18,16233,44,43,143,87,20,96,95,15,,1814
2025-11-17,15013,46,44,122,69,25,97,55,5,,1718
2025-11-16,11853,48,44,142,78,30,97,77,5,,1913
2025-11-15,21835,48,45,155,85,22,93,75,17,,2082
2025-11-14,11721,49,47,139,44,28,98,47,6,,1849
2025-11-13,12556,48,46,154,82,28,99,72,15,,1807
2025-11-12,12181,49,44,143,73,25,93,73,10,,1698
2025-11-11,15595,45,44,163,56,23,99,86,13,,1860
2025-11-10,16841,46,45,136,80,24,98,72,15,,1810
2025-11-09,18081,49,47,144,81,33,99,50,5,,1943
2025-11-08,14519,49,48,138,49,41,99,44,5,,2021
2025-11-07,12065,44,43,145,70,26,91,74,10,,1739
2025-11-06,12051,45,43,149,78,28,95,79,5,,1782
2025-11-05,16476,44,43,176,71,27,99,82,11,,1930
2025-11-04,13241,45,43,169,75,24,96,86,13,,1917
2025-11-03,13805,46,44,140,79,19,99,63,13,,1802
2025-11-02,12546,48,44,150,62,31,93,41,5,,1845
2025-11-01,13910,42,41,162,94,26,98,94,13,,1891
2025-10-31,12873,43,42,148,83,23,96,85,15,,1805
2025-10-30,13421,46,41,148,87,24,96,78,14,,1797
2025-10-29,7945,47,43,150,61,26,98,58,9,,1722
2025-10-28,15577,42,41,179,66,28,96,85,8,,1944
2025-10-27,11176,42,34,144,74,19,95,95,15,,1683
2025-10-26,8508,44,43,134,67,20,99,65,5,,1822
2025-10-25,17087,44,43,148,79,32,99,77,5,,2270
2025-10-24,12666,44,43,153,76,27,100,70,13,,1964
2025-10-23,12587,43,42,149,78,29,99,73,12,,1844
2025-10-22,9968,43,42,145,71,23,98,72,6,,1768
2025-10-21,13111,46,38,160,86,29,99,83,14,,1767
2025-10-20,8730,43,42,153,90,22,98,94,21,,1634
2025-10-19,7026,46,45,133,71,22,87,61,12,,1705
2025-10-18,16064,47,44,150,63,30,93,60,5,,1807
2025-10-17,10665,50,44,164,80,28,99,68,13,,1752
2025-10-16,12197,45,44,182,82,24,98,69,11,,1830
2025-10-15,15378,47,43,138,84,30,90,76,14,,1818
2025-10-14,11133,47,45,130,88,23,96,74,17,,1633
2025-10-13,11333,45,41,129,91,21,88,97,20,,1657
2025-10-12,19410,45,42,151,79,24,97,66,9,,1924
2025-10-11,18539,48,41,151,84,35,100,75,5,,2012
2025-10-10,21516,47,45,145,72,36,99,54,5,,1952
2025-10-09,13758,46,42,157,81,21,94,88,14,,1792
2025-10-08,12329,45,44,165,82,24,95,83,13,,1760
2025-10-07,13271,44,43,173,86,17,99,87,14,,1842
2025-10-06,23333,44,43,158,75,30,97,62,5,,2252
2025-10-05,27241,48,46,150,88,35,97,71,6,,2081
2025-10-04,21438,45,44,147,84,26,97,82,16,,1859
2025-10-03,25067,44,43,196,79,29,98,62,9,,1891
2025-10-02,14324,48,42,173,74,31,89,57,10,,1732
2025-10-01,22572,44,43,162,80,26,99,86,9,,2175
2025-09-30,12468,43,40,120,81,29,96,88,12,,1691
2025-09-29,10622,47,44,148,77,24,87,65,10,,1672
2025-09-28,11000,47,43,150,76,26,87,70,10,,1693
2025-09-27,15054,42,41,152,87,25,96,99,11,,1801
2025-09-26,12171,43,41,184,76,18,96,61,9,,1695
2025-09-25,22964,43,41,169,67,33,96,84,5,,2102
2025-09-24,18975,47,40,174,80,18,97,90,9,,2061
2025-09-23,11499,43,41,118,90,22,97,89,12,,1688
2025-09-22,11519,42,39,125,75,19,93,91,11,,1662
2025-09-21,15941,44,43,139,70,21,89,59,9,,1752
2025-09-20,13773,41,39,146,77,29,99,94,7,,1813
2025-09-19,12912,43,41,152,83,17,95,79,12,,1740
2025-09-18,16496,45,43,168,81,20,98,76,10,,1962
2025-09-17,14228,45,40,148,69,30,98,71,5,,1783
2025-09-16,14160,42,41,168,74,25,95,90,8,,1848
2025-09-15,13530,40,39,146,80,18,96,95,17,,1704
2025-09-14,14854,40,38,130,75,24,95,92,10,,1695
2025-09-13,19763,42,40,159,81,26,99,96,11,,2006
2025-09-12,12243,39,37,150,77,20,93,97,18,,1748
2025-09-11,13416,41,40,147,88,22,99,94,16,,1716
2025-09-10,13978,42,40,160,71,19,96,74,10,,1789
2025-09-09,13796,41,30,128,73,22,98,91,11,,1700
2025-09-08,12502,42,39,128,81,22,95,98,15,,1731
2025-09-07,8516,41,39,129,76,16,92,96,19,,1528
2025-09-06,16646,41,39,162,81,20,99,94,14,,1939
2025-09-05,16155,41,39,144,80,24,97,92,14,,1817
2025-09-04,16859,41,40,156,72,29,97,83,8,,1768
2025-09-03,10678,41,39,146,87,22,93,99,20,,1730
2025-09-02,12751,42,40,160,80,15,96,86,20,,1642
2025-09-01,12861,44,39,148,71,20,98,92,17,,1689
2025-08-31,12120,43,41,139,75,23,89,84,13,,1663
2025-08-30,9754,42,31,159,82,20,95,100,18,,1643
2025-08-29,8051,44,41,142,82,24,95,88,13,,1685
2025-08-28,10292,42,40,128,83,21,99,90,12,,1683
2025-08-27,15161,45,44,146,77,21,99,67,11,,1874
2025-08-26,12628,44,41,149,73,27,96,87,7,,1817
2025-08-25,14611,43,41,145,77,21,98,98,17,,1774
2025-08-24,12887,45,44,127,77,26,95,70,13,,1628
2025-08-23,14114,44,42,150,83,38,96,77,6,,1727
2025-08-22,13285,47,44,135,69,26,96,71,8,,1751
2025-08-21,7234,49,47,182,73,30,99,67,6,,1712
2025-08-20,15575,48,47,130,75,27,94,71,6,,1763
2025-08-19,13812,48,47,149,72,25,98,54,5,,1823
2025-08-18,10371,47,49,132,81,30,99,50,5,,1695
2025-08-17,7763,46,50,142,42,42,97,24,5,,1655
2025-08-16,12758,47,43,136,48,46,100,51,5,,1823
2025-08-15,17959,41,38,168,66,35,99,97,6,,1948
2025-08-14,13074,44,41,165,72,21,96,72,20,,1707
2025-08-13,13189,42,39,132,73,28,99,94,8,,1723
2025-08-12,14786,42,40,142,79,17,91,95,18,,1837
2025-08-11,15921,43,40,158,74,25,99,93,17,,1876
2025-08-10,10864,43,38,172,86,24,95,100,14,,1730
2025-08-09,7503,41,39,138,77,22,98,94,15,,1563
2025-08-08,12505,44,43,142,50,23,88,51,5,,1632
2025-08-07,11641,42,41,183,80,28,97,93,12,,1790
2025-08-06,14987,43,39,168,90,22,100,100,14,,1877
2025-08-05,18673,45,42,165,58,26,97,67,11,,1915
2025-08-04,10155,41,39,206,88,22,88,99,21,,1738
2025-08-03,9791,42,41,163,43,23,92,47,5,,1672
2025-08-02,14039,42,40,142,77,29,98,82,6,,1760
2025-08-01,17984,44,43,162,43,32,96,51,5,,1965
2025-07-31,7997,40,39,174,90,25,96,100,24,,1588
2025-07-30,14148,41,39,139,84,20,84,99,32,,1708
2025-07-29,11457,43,42,202,81,27,99,90,18,,1716
2025-07-28,16494,42,41,154,78,24,98,86,16,,1901
2025-07-27,14549,43,41,154,72,26,95,83,10,,1756
2025-07-26,13489,40,40,167,80,26,96,96,13,,1779
2025-07-25,15092,42,39,159,79,24,98,66,14,,1763
2025-07-24,16290,47,41,147,74,30,93,71,6,,1759
2025-07-23,13436,47,41,152,65,27,94,91,10,,1754
2025-07-22,9950,43,42,196,68,23,84,77,15,,1690
2025-07-21,7156,46,45,103,23,34,93,38,5,,1537
2025-07-20,21078,42,40,167,68,33,98,61,5,,2075
2025-07-19,14410,44,37,137,70,33,95,62,5,,1739
2025-07-18,14370,42,42,148,85,36,96,97,5,,1841
2025-07-17,15403,42,41,141,90,19,99,95,19,,1769
2025-07-16,15914,42,40,148,75,22,99,90,7,,1909
2025-07-15,18753,43,41,163,76,21,77,86,16,,1998
2025-07-14,16852,41,40,117,89,25,98,100,18,,1697
2025-07-13,14809,40,39,145,68,22,90,96,16,,1729
2025-07-12,10746,41,39,135,64,24,96,95,14,,1641
2025-07-11,17287,42,39,160,90,23,99,99,14,,1972
2025-07-10,12887,42,38,154,78,23,97,92,16,,1715
2025-07-09,16543,46,38,189,75,24,97,94,13,,1911
2025-07-08,16621,41,40,158,67,22,99,98,15,,1845
2025-07-07,8673,42,41,121,77,17,80,92,30,,1553
2025-07-06,16185,40,39,143,75,25,91,97,15,,1741
2025-07-05,18457,42,40,160,74,23,99,90,12,,1935
2025-07-04,27446,44,38,150,65,20,98,92,10,,2141
2025-07-03,13924,44,40,167,58,22,97,94,16,,1773
2025-07-02,16520,43,41,158,64,22,99,90,10,,1972
2025-07-01,16783,45,42,150,71,24,96,81,8,,1883
